Workbook

Sheet Key
B2: Flower | C2: Infused Product | D2: Concentrate | F2: mg to g Converter
B3: Ounces | C3: Edibles | D3: Concentrate | F3: Grams | G3: Milligrams
B4: Eighths | C4: Topicals | D4: Moon Rocks | F4: 1 | G4: =F4*1000 -> 1000
B5: Pre-Rolls | D5: Vape Carts
D6: Infused Pre-Rolls | F6: g to mg Converter
F7: Milligrams | G7: Grams
F8: 500 | G8: =F8/1000 -> 0.5

Sheet Dashboard
B2: Alex Monroe | I2: Jordan Patel | P2: Taylor Brooks | W2: Morgan Reyes | AD2: Casey Nguyen
B3: 314928473 | I3: 1108885639 | P3: 621952741 | W3: 903906814 | AD3: 127974596
B4: Start Date: | E4: =G9 -> 45995 | I4: Start Date: | L4: =N9 -> 45992 | P4: Start Date: | S4: =U9 -> 46005 | W4: Start Date: | Z4: =AB9 | AD4: Start Date: | AG4: =AI9
B5: End Date: | E5: =IF(E4<>"",E4+30,"") -> 46025 | I5: End Date: | L5: =IF(L4<>"",L4+30,"") -> 46022 | P5: End Date: | S5: =IF(S4<>"",S4+30,"") -> 46035 | W5: End Date: | Z5: =IF(Z4<>"",Z4+30,"") | AD5: End Date: | AG5: =IF(AG4<>"",AG4+30,"")
B6: Flower (g) | D6: Infused Product (mg) | F6: Concentrate (g) | I6: Flower (g) | K6: Infused Product (mg) | M6: Concentrate (g) | P6: Flower (g) | R6: Infused Product (mg) | T6: Concentrate (g) | W6: Flower (g) | Y6: Infused Product (mg) | AA6: Concentrate (g) | AD6: Flower (g) | AF6: Infused Product (mg) | AH6: Concentrate (g)
B7: =28-SUM(IF(D9="Flower",C9,0), IF(D10="Flower",C10,0), IF(D11="Flower",C11,0), IF(D12="Flower",C12,0), IF(D13="Flower",C13,0), IF(D14="Flower",C14,0), IF(D15="Flower",C15,0), IF(D16="Flower",C16,0), IF(D17="Flower",C17,0), IF(D18="Flower",C18,0), IF(D19="Flower",C19,0), IF(D20="Flower",C20,0), IF(D21="Flower",C21,0), IF(D22="Flower",C22,0), IF(D23="Flower",C23,0), IF(D24="Flower",C24,0), IF(D25="Flower",C25,0), IF(D26="Flower",C26,0), IF(D27="Flower",C27,0), IF(D28="Flower",C28,0), IF(D29="Flower",C29,0), IF(D30="Flower",C30,0), IF(D31="Flower",C31,0), IF(D32="Flower",C32,0), IF(D33="Flower",C33,0), IF(D34="Flower",C34,0), IF(D35="Flower",C35,0), IF(D36="Flower",C36,0), IF(D37="Flower",C37,0), IF(D38="Flower",C38,0)) -> 2.5 | D7: =2000-SUM(IF(D9="Infused Product",C9,0), IF(D10="Infused Product",C10,0), IF(D11="Infused Product",C11,0), IF(D12="Infused Product",C12,0), IF(D13="Infused Product",C13,0), IF(D14="Infused Product",C14,0), IF(D15="Infused Product",C15,0), IF(D16="Infused Product",C16,0), IF(D17="Infused Product",C17,0), IF(D18="Infused Product",C18,0), IF(D19="Infused Product",C19,0), IF(D20="Infused Product",C20,0), IF(D21="Infused Product",C21,0), IF(D22="Infused Product",C22,0), IF(D23="Infused Product",C23,0), IF(D24="Infused Product",C24,0), IF(D25="Infused Product",C25,0), IF(D26="Infused Product",C26,0), IF(D27="Infused Product",C27,0), IF(D28="Infused Product",C28,0), IF(D29="Infused Product",C29,0), IF(D30="Infused Product",C30,0), IF(D31="Infused Product",C31,0), IF(D32="Infused Product",C32,0), IF(D33="Infused Product",C33,0), IF(D34="Infused Product",C34,0), IF(D35="Infused Product",C35,0), IF(D36="Infused Product",C36,0), IF(D37="Infused Product",C37,0), IF(D38="Infused Product",C38,0)) -> 1200 | F7: =6-SUM(IF(D9="Concentrate",C9,0), IF(D10="Concentrate",C10,0), IF(D11="Concentrate",C11,0), IF(D12="Concentrate",C12,0), IF(D13="Concentrate",C13,0), IF(D14="Concentrate",C14,0), IF(D15="Concentrate",C15,0), IF(D16="Concentrate",C16,0), IF(D17="Concentrate",C17,0), IF(D18="Concentrate",C18,0), IF(D19="Concentrate",C19,0), IF(D20="Concentrate",C20,0), IF(D21="Concentrate",C21,0), IF(D22="Concentrate",C22,0), IF(D23="Concentrate",C23,0), IF(D24="Concentrate",C24,0), IF(D25="Concentrate",C25,0), IF(D26="Concentrate",C26,0), IF(D27="Concentrate",C27,0), IF(D28="Concentrate",C28,0), IF(D29="Concentrate",C29,0), IF(D30="Concentrate",C30,0), IF(D31="Concentrate",C31,0), IF(D32="Concentrate",C32,0), IF(D33="Concentrate",C33,0), IF(D34="Concentrate",C34,0), IF(D35="Concentrate",C35,0), IF(D36="Concentrate",C36,0), IF(D37="Concentrate",C37,0), IF(D38="Concentrate",C38,0)) -> 4 | I7: =28-SUM(IF(K9="Flower",J9,0), IF(K10="Flower",J10,0), IF(K11="Flower",J11,0), IF(K12="Flower",J12,0), IF(K13="Flower",J13,0), IF(K14="Flower",J14,0), IF(K15="Flower",J15,0), IF(K16="Flower",J16,0), IF(K17="Flower",J17,0), IF(K18="Flower",J18,0), IF(K19="Flower",J19,0), IF(K20="Flower",J20,0), IF(K21="Flower",J21,0), IF(K22="Flower",J22,0), IF(K23="Flower",J23,0), IF(K24="Flower",J24,0), IF(K25="Flower",J25,0), IF(K26="Flower",J26,0), IF(K27="Flower",J27,0), IF(K28="Flower",J28,0), IF(K29="Flower",J29,0), IF(K30="Flower",J30,0), IF(K31="Flower",J31,0), IF(K32="Flower",J32,0), IF(K33="Flower",J33,0), IF(K34="Flower",J34,0), IF(K35="Flower",J35,0), IF(K36="Flower",J36,0), IF(K37="Flower",J37,0), IF(K38="Flower",J38,0)) -> 14 | K7: =2000-SUM(IF(K9="Infused Product",J9,0), IF(K10="Infused Product",J10,0), IF(K11="Infused Product",J11,0), IF(K12="Infused Product",J12,0), IF(K13="Infused Product",J13,0), IF(K14="Infused Product",J14,0), IF(K15="Infused Product",J15,0), IF(K16="Infused Product",J16,0), IF(K17="Infused Product",J17,0), IF(K18="Infused Product",J18,0), IF(K19="Infused Product",J19,0), IF(K20="Infused Product",J20,0), IF(K21="Infused Product",J21,0), IF(K22="Infused Product",J22,0), IF(K23="Infused Product",J23,0), IF(K24="Infused Product",J24,0), IF(K25="Infused Product",J25,0), IF(K26="Infused Product",J26,0), IF(K27="Infused Product",J27,0), IF(K28="Infused Product",J28,0), IF(K29="Infused Product",J29,0), IF(K30="Infused Product",J30,0), IF(K31="Infused Product",J31,0), IF(K32="Infused Product",J32,0), IF(K33="Infused Product",J33,0), IF(K34="Infused Product",J34,0), IF(K35="Infused Product",J35,0), IF(K36="Infused Product",J36,0), IF(K37="Infused Product",J37,0), IF(K38="Infused Product",J38,0)) -> 1800 | M7: =6-SUM(IF(K9="Concentrate",J9,0), IF(K10="Concentrate",J10,0), IF(K11="Concentrate",J11,0), IF(K12="Concentrate",J12,0), IF(K13="Concentrate",J13,0), IF(K14="Concentrate",J14,0), IF(K15="Concentrate",J15,0), IF(K16="Concentrate",J16,0), IF(K17="Concentrate",J17,0), IF(K18="Concentrate",J18,0), IF(K19="Concentrate",J19,0), IF(K20="Concentrate",J20,0), IF(K21="Concentrate",J21,0), IF(K22="Concentrate",J22,0), IF(K23="Concentrate",J23,0), IF(K24="Concentrate",J24,0), IF(K25="Concentrate",J25,0), IF(K26="Concentrate",J26,0), IF(K27="Concentrate",J27,0), IF(K28="Concentrate",J28,0), IF(K29="Concentrate",J29,0), IF(K30="Concentrate",J30,0), IF(K31="Concentrate",J31,0), IF(K32="Concentrate",J32,0), IF(K33="Concentrate",J33,0), IF(K34="Concentrate",J34,0), IF(K35="Concentrate",J35,0), IF(K36="Concentrate",J36,0), IF(K37="Concentrate",J37,0), IF(K38="Concentrate",J38,0)) -> 5 | P7: =28-SUM(IF(R9="Flower",Q9,0), IF(R10="Flower",Q10,0), IF(R11="Flower",Q11,0), IF(R12="Flower",Q12,0), IF(R13="Flower",Q13,0), IF(R14="Flower",Q14,0), IF(R15="Flower",Q15,0), IF(R16="Flower",Q16,0), IF(R17="Flower",Q17,0), IF(R18="Flower",Q18,0), IF(R19="Flower",Q19,0), IF(R20="Flower",Q20,0), IF(R21="Flower",Q21,0), IF(R22="Flower",Q22,0), IF(R23="Flower",Q23,0), IF(R24="Flower",Q24,0), IF(R25="Flower",Q25,0), IF(R26="Flower",Q26,0), IF(R27="Flower",Q27,0), IF(R28="Flower",Q28,0), IF(R29="Flower",Q29,0), IF(R30="Flower",Q30,0), IF(R31="Flower",Q31,0), IF(R32="Flower",Q32,0), IF(R33="Flower",Q33,0), IF(R34="Flower",Q34,0), IF(R35="Flower",Q35,0), IF(R36="Flower",Q36,0), IF(R37="Flower",Q37,0), IF(R38="Flower",Q38,0)) -> 22 | R7: =2000-SUM(IF(R9="Infused Product",Q9,0), IF(R10="Infused Product",Q10,0), IF(R11="Infused Product",Q11,0), IF(R12="Infused Product",Q12,0), IF(R13="Infused Product",Q13,0), IF(R14="Infused Product",Q14,0), IF(R15="Infused Product",Q15,0), IF(R16="Infused Product",Q16,0), IF(R17="Infused Product",Q17,0), IF(R18="Infused Product",Q18,0), IF(R19="Infused Product",Q19,0), IF(R20="Infused Product",Q20,0), IF(R21="Infused Product",Q21,0), IF(R22="Infused Product",Q22,0), IF(R23="Infused Product",Q23,0), IF(R24="Infused Product",Q24,0), IF(R25="Infused Product",Q25,0), IF(R26="Infused Product",Q26,0), IF(R27="Infused Product",Q27,0), IF(R28="Infused Product",Q28,0), IF(R29="Infused Product",Q29,0), IF(R30="Infused Product",Q30,0), IF(R31="Infused Product",Q31,0), IF(R32="Infused Product",Q32,0), IF(R33="Infused Product",Q33,0), IF(R34="Infused Product",Q34,0), IF(R35="Infused Product",Q35,0), IF(R36="Infused Product",Q36,0), IF(R37="Infused Product",Q37,0), IF(R38="Infused Product",Q38,0)) -> 1800 | T7: =6-SUM(IF(R9="Concentrate",Q9,0), IF(R10="Concentrate",Q10,0), IF(R11="Concentrate",Q11,0), IF(R12="Concentrate",Q12,0), IF(R13="Concentrate",Q13,0), IF(R14="Concentrate",Q14,0), IF(R15="Concentrate",Q15,0), IF(R16="Concentrate",Q16,0), IF(R17="Concentrate",Q17,0), IF(R18="Concentrate",Q18,0), IF(R19="Concentrate",Q19,0), IF(R20="Concentrate",Q20,0), IF(R21="Concentrate",Q21,0), IF(R22="Concentrate",Q22,0), IF(R23="Concentrate",Q23,0), IF(R24="Concentrate",Q24,0), IF(R25="Concentrate",Q25,0), IF(R26="Concentrate",Q26,0), IF(R27="Concentrate",Q27,0), IF(R28="Concentrate",Q28,0), IF(R29="Concentrate",Q29,0), IF(R30="Concentrate",Q30,0), IF(R31="Concentrate",Q31,0), IF(R32="Concentrate",Q32,0), IF(R33="Concentrate",Q33,0), IF(R34="Concentrate",Q34,0), IF(R35="Concentrate",Q35,0), IF(R36="Concentrate",Q36,0), IF(R37="Concentrate",Q37,0), IF(R38="Concentrate",Q38,0)) -> 6 | W7: =28-SUM(IF(Y9="Flower",X9,0), IF(Y10="Flower",X10,0), IF(Y11="Flower",X11,0), IF(Y12="Flower",X12,0), IF(Y13="Flower",X13,0), IF(Y14="Flower",X14,0), IF(Y15="Flower",X15,0), IF(Y16="Flower",X16,0), IF(Y17="Flower",X17,0), IF(Y18="Flower",X18,0), IF(Y19="Flower",X19,0), IF(Y20="Flower",X20,0), IF(Y21="Flower",X21,0), IF(Y22="Flower",X22,0), IF(Y23="Flower",X23,0), IF(Y24="Flower",X24,0), IF(Y25="Flower",X25,0), IF(Y26="Flower",X26,0), IF(Y27="Flower",X27,0), IF(Y28="Flower",X28,0), IF(Y29="Flower",X29,0), IF(Y30="Flower",X30,0), IF(Y31="Flower",X31,0), IF(Y32="Flower",X32,0), IF(Y33="Flower",X33,0), IF(Y34="Flower",X34,0), IF(Y35="Flower",X35,0), IF(Y36="Flower",X36,0), IF(Y37="Flower",X37,0), IF(Y38="Flower",X38,0)) -> 28 | Y7: =2000-SUM(IF(Y9="Infused Product",X9,0), IF(Y10="Infused Product",X10,0), IF(Y11="Infused Product",X11,0), IF(Y12="Infused Product",X12,0), IF(Y13="Infused Product",X13,0), IF(Y14="Infused Product",X14,0), IF(Y15="Infused Product",X15,0), IF(Y16="Infused Product",X16,0), IF(Y17="Infused Product",X17,0), IF(Y18="Infused Product",X18,0), IF(Y19="Infused Product",X19,0), IF(Y20="Infused Product",X20,0), IF(Y21="Infused Product",X21,0), IF(Y22="Infused Product",X22,0), IF(Y23="Infused Product",X23,0), IF(Y24="Infused Product",X24,0), IF(Y25="Infused Product",X25,0), IF(Y26="Infused Product",X26,0), IF(Y27="Infused Product",X27,0), IF(Y28="Infused Product",X28,0), IF(Y29="Infused Product",X29,0), IF(Y30="Infused Product",X30,0), IF(Y31="Infused Product",X31,0), IF(Y32="Infused Product",X32,0), IF(Y33="Infused Product",X33,0), IF(Y34="Infused Product",X34,0), IF(Y35="Infused Product",X35,0), IF(Y36="Infused Product",X36,0), IF(Y37="Infused Product",X37,0), IF(Y38="Infused Product",X38,0)) -> 2000 | AA7: =6-SUM(IF(Y9="Concentrate",X9,0), IF(Y10="Concentrate",X10,0), IF(Y11="Concentrate",X11,0), IF(Y12="Concentrate",X12,0), IF(Y13="Concentrate",X13,0), IF(Y14="Concentrate",X14,0), IF(Y15="Concentrate",X15,0), IF(Y16="Concentrate",X16,0), IF(Y17="Concentrate",X17,0), IF(Y18="Concentrate",X18,0), IF(Y19="Concentrate",X19,0), IF(Y20="Concentrate",X20,0), IF(Y21="Concentrate",X21,0), IF(Y22="Concentrate",X22,0), IF(Y23="Concentrate",X23,0), IF(Y24="Concentrate",X24,0), IF(Y25="Concentrate",X25,0), IF(Y26="Concentrate",X26,0), IF(Y27="Concentrate",X27,0), IF(Y28="Concentrate",X28,0), IF(Y29="Concentrate",X29,0), IF(Y30="Concentrate",X30,0), IF(Y31="Concentrate",X31,0), IF(Y32="Concentrate",X32,0), IF(Y33="Concentrate",X33,0), IF(Y34="Concentrate",X34,0), IF(Y35="Concentrate",X35,0), IF(Y36="Concentrate",X36,0), IF(Y37="Concentrate",X37,0), IF(Y38="Concentrate",X38,0)) -> 6 | AD7: =28-SUM(IF(AF9="Flower",AE9,0), IF(AF10="Flower",AE10,0), IF(AF11="Flower",AE11,0), IF(AF12="Flower",AE12,0), IF(AF13="Flower",AE13,0), IF(AF14="Flower",AE14,0), IF(AF15="Flower",AE15,0), IF(AF16="Flower",AE16,0), IF(AF17="Flower",AE17,0), IF(AF18="Flower",AE18,0), IF(AF19="Flower",AE19,0), IF(AF20="Flower",AE20,0), IF(AF21="Flower",AE21,0), IF(AF22="Flower",AE22,0), IF(AF23="Flower",AE23,0), IF(AF24="Flower",AE24,0), IF(AF25="Flower",AE25,0), IF(AF26="Flower",AE26,0), IF(AF27="Flower",AE27,0), IF(AF28="Flower",AE28,0), IF(AF29="Flower",AE29,0), IF(AF30="Flower",AE30,0), IF(AF31="Flower",AE31,0), IF(AF32="Flower",AE32,0), IF(AF33="Flower",AE33,0), IF(AF34="Flower",AE34,0), IF(AF35="Flower",AE35,0), IF(AF36="Flower",AE36,0), IF(AF37="Flower",AE37,0), IF(AF38="Flower",AE38,0)) -> 28 | AF7: =2000-SUM(IF(AF9="Infused Product",AE9,0), IF(AF10="Infused Product",AE10,0), IF(AF11="Infused Product",AE11,0), IF(AF12="Infused Product",AE12,0), IF(AF13="Infused Product",AE13,0), IF(AF14="Infused Product",AE14,0), IF(AF15="Infused Product",AE15,0), IF(AF16="Infused Product",AE16,0), IF(AF17="Infused Product",AE17,0), IF(AF18="Infused Product",AE18,0), IF(AF19="Infused Product",AE19,0), IF(AF20="Infused Product",AE20,0), IF(AF21="Infused Product",AE21,0), IF(AF22="Infused Product",AE22,0), IF(AF23="Infused Product",AE23,0), IF(AF24="Infused Product",AE24,0), IF(AF25="Infused Product",AE25,0), IF(AF26="Infused Product",AE26,0), IF(AF27="Infused Product",AE27,0), IF(AF28="Infused Product",AE28,0), IF(AF29="Infused Product",AE29,0), IF(AF30="Infused Product",AE30,0), IF(AF31="Infused Product",AE31,0), IF(AF32="Infused Product",AE32,0), IF(AF33="Infused Product",AE33,0), IF(AF34="Infused Product",AE34,0), IF(AF35="Infused Product",AE35,0), IF(AF36="Infused Product",AE36,0), IF(AF37="Infused Product",AE37,0), IF(AF38="Infused Product",AE38,0)) -> 2000 | AH7: =6-SUM(IF(AF9="Concentrate",AE9,0), IF(AF10="Concentrate",AE10,0), IF(AF11="Concentrate",AE11,0), IF(AF12="Concentrate",AE12,0), IF(AF13="Concentrate",AE13,0), IF(AF14="Concentrate",AE14,0), IF(AF15="Concentrate",AE15,0), IF(AF16="Concentrate",AE16,0), IF(AF17="Concentrate",AE17,0), IF(AF18="Concentrate",AE18,0), IF(AF19="Concentrate",AE19,0), IF(AF20="Concentrate",AE20,0), IF(AF21="Concentrate",AE21,0), IF(AF22="Concentrate",AE22,0), IF(AF23="Concentrate",AE23,0), IF(AF24="Concentrate",AE24,0), IF(AF25="Concentrate",AE25,0), IF(AF26="Concentrate",AE26,0), IF(AF27="Concentrate",AE27,0), IF(AF28="Concentrate",AE28,0), IF(AF29="Concentrate",AE29,0), IF(AF30="Concentrate",AE30,0), IF(AF31="Concentrate",AE31,0), IF(AF32="Concentrate",AE32,0), IF(AF33="Concentrate",AE33,0), IF(AF34="Concentrate",AE34,0), IF(AF35="Concentrate",AE35,0), IF(AF36="Concentrate",AE36,0), IF(AF37="Concentrate",AE37,0), IF(AF38="Concentrate",AE38,0)) -> 6
B8: Package Tag | C8: Quantity | D8: Product Type | E8: Adjustment Quantity | F8: Units | G8: Dispersal Date | I8: Package Tag | J8: Quantity | K8: Product Type | L8: Adjustment Quantity | M8: Units | N8: Dispersal Date | P8: Package Tag | Q8: Quantity | R8: Product Type | S8: Adjustment Quantity | T8: Units | U8: Dispersal Date | W8: Package Tag | X8: Quantity | Y8: Product Type | Z8: Adjustment Quantity | AA8: Units | AB8: Dispersal Date | AD8: Package Tag | AE8: Quantity | AF8: Product Type | AG8: Adjustment Quantity | AH8: Units | AI8: Dispersal Date
B9: 1A4050300047D2A000008193 | C9: 3.5 | D9: Flower | E9: 1 | F9: Each | G9: 45995 | I9: 1A40503000AF91C000006482 | J9: 200 | K9: Infused Product | L9: 1 | M9: Each | N9: 45992 | P9: 1A4050300051E4D000002946 | Q9: 6 | R9: Flower | S9: 6 | T9: Each | U9: 46005
B10: 1A40503000AF91C000006482 | C10: 200 | D10: Infused Product | E10: 1 | F10: Each | G10: 45995 | I10: 1A40503000B23CD000004771 | J10: 14 | K10: Flower | L10: 14 | M10: Grams | N10: 46005 | P10: 1A405030009D7A2000007314 | Q10: 200 | R10: Infused Product | S10: 1 | T10: Each | U10: 46005
B11: 1A405030003C8BE000009057 | C11: 2 | D11: Concentrate | E11: 1 | F11: Each | G11: 46005 | I11: 1A405030002F9A8000006935 | J11: 1 | K11: Concentrate | L11: 1 | M11: Each | N11: 46005
B12: 1A4050300051E4D000002946 | C12: 1 | D12: Flower | E12: 1 | F12: Each | G12: 46005
B13: 1A405030009D7A2000007314 | C13: 600 | D13: Infused Product | E13: 3 | F13: Each | G13: 46005
B14: 1A40503000684F9000001582 | C14: 7 | D14: Flower | E14: 2 | F14: Each | G14: 46005
B15: 1A40503000B23CD000004771 | C15: 14 | D15: Flower | E15: 14 | F15: Grams | G15: 46005

Sheet Alex Monroe
A1: =If(Dashboard!G9=TODAY(),Dashboard!B9,"") | B1: =If(Dashboard!G9=TODAY(),IF(Dashboard!E9<>"", Dashboard!E9*(-1), ""), "") | C1: =If(A1<>"",Dashboard!F9,"") | D1: =If(A1<>"","Internal Product Testing Samples","") | E1: =If(A1<>"","Sample provided to Alex Monroe (Metrc #0314928473)","") | F1: =If(A1<>"",Dashboard!G9,"") | G1: =If(A1<>"","0816943728","")
A2: =If(Dashboard!G10=TODAY(),Dashboard!B10,"") | B2: =If(Dashboard!G10=TODAY(),IF(Dashboard!E10<>"", Dashboard!E10*(-1), ""), "") | C2: =If(A2<>"",Dashboard!F10,"") | D2: =If(A2<>"","Internal Product Testing Samples","") | E2: =If(A2<>"","Sample provided to Alex Monroe (Metrc #0314928473)","") | F2: =If(A2<>"",Dashboard!G10,"") | G2: =If(A2<>"","0816943728","")
A3: =If(Dashboard!G11=TODAY(),Dashboard!B11,"") -> 1A405030003C8BE000009057 | B3: =If(Dashboard!G11=TODAY(),IF(Dashboard!E11<>"", Dashboard!E11*(-1), ""), "") -> -1 | C3: =If(A3<>"",Dashboard!F11,"") -> Each | D3: =If(A3<>"","Internal Product Testing Samples","") -> Internal Product Testing Samples | E3: =If(A3<>"","Sample provided to Alex Monroe (Metrc #0314928473)","") -> Sample provided to Alex Monroe (Metrc #0314928473) | F3: =If(A3<>"",Dashboard!G11,"") -> 46005 | G3: =If(A3<>"","0816943728","") -> 0816943728
A4: =If(Dashboard!G12=TODAY(),Dashboard!B12,"") -> 1A4050300051E4D000002946 | B4: =If(Dashboard!G12=TODAY(),IF(Dashboard!E12<>"", Dashboard!E12*(-1), ""), "") -> -1 | C4: =If(A4<>"",Dashboard!F12,"") -> Each | D4: =If(A4<>"","Internal Product Testing Samples","") -> Internal Product Testing Samples | E4: =If(A4<>"","Sample provided to Alex Monroe (Metrc #0314928473)","") -> Sample provided to Alex Monroe (Metrc #0314928473) | F4: =If(A4<>"",Dashboard!G12,"") -> 46005 | G4: =If(A4<>"","0816943728","") -> 0816943728
A5: =If(Dashboard!G13=TODAY(),Dashboard!B13,"") -> 1A405030009D7A2000007314 | B5: =If(Dashboard!G13=TODAY(),IF(Dashboard!E13<>"", Dashboard!E13*(-1), ""), "") -> -3 | C5: =If(A5<>"",Dashboard!F13,"") -> Each | D5: =If(A5<>"","Internal Product Testing Samples","") -> Internal Product Testing Samples | E5: =If(A5<>"","Sample provided to Alex Monroe (Metrc #0314928473)","") -> Sample provided to Alex Monroe (Metrc #0314928473) | F5: =If(A5<>"",Dashboard!G13,"") -> 46005 | G5: =If(A5<>"","0816943728","") -> 0816943728
A6: =If(Dashboard!G14=TODAY(),Dashboard!B14,"") -> 1A40503000684F9000001582 | B6: =If(Dashboard!G14=TODAY(),IF(Dashboard!E14<>"", Dashboard!E14*(-1), ""), "") -> -2 | C6: =If(A6<>"",Dashboard!F14,"") -> Each | D6: =If(A6<>"","Internal Product Testing Samples","") -> Internal Product Testing Samples | E6: =If(A6<>"","Sample provided to Alex Monroe (Metrc #0314928473)","") -> Sample provided to Alex Monroe (Metrc #0314928473) | F6: =If(A6<>"",Dashboard!G14,"") -> 46005 | G6: =If(A6<>"","0816943728","") -> 0816943728
A7: =If(Dashboard!G15=TODAY(),Dashboard!B15,"") -> 1A40503000B23CD000004771 | B7: =If(Dashboard!G15=TODAY(),IF(Dashboard!E15<>"", Dashboard!E15*(-1), ""), "") -> -14 | C7: =If(A7<>"",Dashboard!F15,"") -> Grams | D7: =If(A7<>"","Internal Product Testing Samples","") -> Internal Product Testing Samples | E7: =If(A7<>"","Sample provided to Alex Monroe (Metrc #0314928473)","") -> Sample provided to Alex Monroe (Metrc #0314928473) | F7: =If(A7<>"",Dashboard!G15,"") -> 46005 | G7: =If(A7<>"","0816943728","") -> 0816943728
A8: =If(Dashboard!G16=TODAY(),Dashboard!B16,"") | B8: =If(Dashboard!G16=TODAY(),IF(Dashboard!E16<>"", Dashboard!E16*(-1), ""), "") | C8: =If(A8<>"",Dashboard!F16,"") | D8: =If(A8<>"","Internal Product Testing Samples","") | E8: =If(A8<>"","Sample provided to Alex Monroe (Metrc #0314928473)","") | F8: =If(A8<>"",Dashboard!G16,"") | G8: =If(A8<>"","0816943728","")
A9: =If(Dashboard!G17=TODAY(),Dashboard!B17,"") | B9: =If(Dashboard!G17=TODAY(),IF(Dashboard!E17<>"", Dashboard!E17*(-1), ""), "") | C9: =If(A9<>"",Dashboard!F17,"") | D9: =If(A9<>"","Internal Product Testing Samples","") | E9: =If(A9<>"","Sample provided to Alex Monroe (Metrc #0314928473)","") | F9: =If(A9<>"",Dashboard!G17,"") | G9: =If(A9<>"","0816943728","")
A10: =If(Dashboard!G18=TODAY(),Dashboard!B18,"") | B10: =If(Dashboard!G18=TODAY(),IF(Dashboard!E18<>"", Dashboard!E18*(-1), ""), "") | C10: =If(A10<>"",Dashboard!F18,"") | D10: =If(A10<>"","Internal Product Testing Samples","") | E10: =If(A10<>"","Sample provided to Alex Monroe (Metrc #0314928473)","") | F10: =If(A10<>"",Dashboard!G18,"") | G10: =If(A10<>"","0816943728","")
A11: =If(Dashboard!G19=TODAY(),Dashboard!B19,"") | B11: =If(Dashboard!G19=TODAY(),IF(Dashboard!E19<>"", Dashboard!E19*(-1), ""), "") | C11: =If(A11<>"",Dashboard!F19,"") | D11: =If(A11<>"","Internal Product Testing Samples","") | E11: =If(A11<>"","Sample provided to Alex Monroe (Metrc #0314928473)","") | F11: =If(A11<>"",Dashboard!G19,"") | G11: =If(A11<>"","0816943728","")
A12: =If(Dashboard!G20=TODAY(),Dashboard!B20,"") | B12: =If(Dashboard!G20=TODAY(),IF(Dashboard!E20<>"", Dashboard!E20*(-1), ""), "") | C12: =If(A12<>"",Dashboard!F20,"") | D12: =If(A12<>"","Internal Product Testing Samples","") | E12: =If(A12<>"","Sample provided to Alex Monroe (Metrc #0314928473)","") | F12: =If(A12<>"",Dashboard!G20,"") | G12: =If(A12<>"","0816943728","")
... A30: =If(Dashboard!G38=TODAY(),Dashboard!B38,"") | B30: =If(Dashboard!G38=TODAY(),IF(Dashboard!E38<>"", Dashboard!E38*(-1), ""), "") | C30: =If(A30<>"",Dashboard!F38,"") | D30: =If(A30<>"","Internal Product Testing Samples","") | E30: =If(A30<>"","Sample provided to Alex Monroe (Metrc #0314928473)","") | F30: =If(A30<>"",Dashboard!G38,"") | G30: =If(A30<>"","0816943728","")

Sheet Jordan Patel
A1: =If(Dashboard!N9=TODAY(),Dashboard!I9,"") | B1: =If(Dashboard!N9=TODAY(),IF(Dashboard!L9<>"", Dashboard!L9*(-1), ""), "") | C1: =If(A1<>"",Dashboard!M9,"") | D1: =If(A1<>"","Internal Product Testing Samples","") | E1: =If(A1<>"","Sample provided to Jordan Patel (Metrc #1108885639)","") | F1: =If(A1<>"",Dashboard!N9,"") | G1: =If(A1<>"","0816943728","")
A2: =If(Dashboard!N10=TODAY(),Dashboard!I10,"") -> 1A40503000B23CD000004771 | B2: =If(Dashboard!N10=TODAY(),IF(Dashboard!L10<>"", Dashboard!L10*(-1), ""), "") -> -14 | C2: =If(A2<>"",Dashboard!M10,"") -> Grams | D2: =If(A2<>"","Internal Product Testing Samples","") -> Internal Product Testing Samples | E2: =If(A2<>"","Sample provided to Jordan Patel (Metrc #1108885639)","") -> Sample provided to Jordan Patel (Metrc #1108885639) | F2: =If(A2<>"",Dashboard!N10,"") -> 46005 | G2: =If(A2<>"","0816943728","") -> 0816943728
A3: =If(Dashboard!N11=TODAY(),Dashboard!I11,"") -> 1A405030002F9A8000006935 | B3: =If(Dashboard!N11=TODAY(),IF(Dashboard!L11<>"", Dashboard!L11*(-1), ""), "") -> -1 | C3: =If(A3<>"",Dashboard!M11,"") -> Each | D3: =If(A3<>"","Internal Product Testing Samples","") -> Internal Product Testing Samples | E3: =If(A3<>"","Sample provided to Jordan Patel (Metrc #1108885639)","") -> Sample provided to Jordan Patel (Metrc #1108885639) | F3: =If(A3<>"",Dashboard!N11,"") -> 46005 | G3: =If(A3<>"","0816943728","") -> 0816943728
A4: =If(Dashboard!N12=TODAY(),Dashboard!I12,"") | B4: =If(Dashboard!N12=TODAY(),IF(Dashboard!L12<>"", Dashboard!L12*(-1), ""), "") | C4: =If(A4<>"",Dashboard!M12,"") | D4: =If(A4<>"","Internal Product Testing Samples","") | E4: =If(A4<>"","Sample provided to Jordan Patel (Metrc #1108885639)","") | F4: =If(A4<>"",Dashboard!N12,"") | G4: =If(A4<>"","0816943728","")
A5: =If(Dashboard!N13=TODAY(),Dashboard!I13,"") | B5: =If(Dashboard!N13=TODAY(),IF(Dashboard!L13<>"", Dashboard!L13*(-1), ""), "") | C5: =If(A5<>"",Dashboard!M13,"") | D5: =If(A5<>"","Internal Product Testing Samples","") | E5: =If(A5<>"","Sample provided to Jordan Patel (Metrc #1108885639)","") | F5: =If(A5<>"",Dashboard!N13,"") | G5: =If(A5<>"","0816943728","")
A6: =If(Dashboard!N14=TODAY(),Dashboard!I14,"") | B6: =If(Dashboard!N14=TODAY(),IF(Dashboard!L14<>"", Dashboard!L14*(-1), ""), "") | C6: =If(A6<>"",Dashboard!M14,"") | D6: =If(A6<>"","Internal Product Testing Samples","") | E6: =If(A6<>"","Sample provided to Jordan Patel (Metrc #1108885639)","") | F6: =If(A6<>"",Dashboard!N14,"") | G6: =If(A6<>"","0816943728","")
A7: =If(Dashboard!N15=TODAY(),Dashboard!I15,"") | B7: =If(Dashboard!N15=TODAY(),IF(Dashboard!L15<>"", Dashboard!L15*(-1), ""), "") | C7: =If(A7<>"",Dashboard!M15,"") | D7: =If(A7<>"","Internal Product Testing Samples","") | E7: =If(A7<>"","Sample provided to Jordan Patel (Metrc #1108885639)","") | F7: =If(A7<>"",Dashboard!N15,"") | G7: =If(A7<>"","0816943728","")
A8: =If(Dashboard!N16=TODAY(),Dashboard!I16,"") | B8: =If(Dashboard!N16=TODAY(),IF(Dashboard!L16<>"", Dashboard!L16*(-1), ""), "") | C8: =If(A8<>"",Dashboard!M16,"") | D8: =If(A8<>"","Internal Product Testing Samples","") | E8: =If(A8<>"","Sample provided to Jordan Patel (Metrc #1108885639)","") | F8: =If(A8<>"",Dashboard!N16,"") | G8: =If(A8<>"","0816943728","")
A9: =If(Dashboard!N17=TODAY(),Dashboard!I17,"") | B9: =If(Dashboard!N17=TODAY(),IF(Dashboard!L17<>"", Dashboard!L17*(-1), ""), "") | C9: =If(A9<>"",Dashboard!M17,"") | D9: =If(A9<>"","Internal Product Testing Samples","") | E9: =If(A9<>"","Sample provided to Jordan Patel (Metrc #1108885639)","") | F9: =If(A9<>"",Dashboard!N17,"") | G9: =If(A9<>"","0816943728","")
A10: =If(Dashboard!N18=TODAY(),Dashboard!I18,"") | B10: =If(Dashboard!N18=TODAY(),IF(Dashboard!L18<>"", Dashboard!L18*(-1), ""), "") | C10: =If(A10<>"",Dashboard!M18,"") | D10: =If(A10<>"","Internal Product Testing Samples","") | E10: =If(A10<>"","Sample provided to Jordan Patel (Metrc #1108885639)","") | F10: =If(A10<>"",Dashboard!N18,"") | G10: =If(A10<>"","0816943728","")
A11: =If(Dashboard!N19=TODAY(),Dashboard!I19,"") | B11: =If(Dashboard!N19=TODAY(),IF(Dashboard!L19<>"", Dashboard!L19*(-1), ""), "") | C11: =If(A11<>"",Dashboard!M19,"") | D11: =If(A11<>"","Internal Product Testing Samples","") | E11: =If(A11<>"","Sample provided to Jordan Patel (Metrc #1108885639)","") | F11: =If(A11<>"",Dashboard!N19,"") | G11: =If(A11<>"","0816943728","")
A12: =If(Dashboard!N20=TODAY(),Dashboard!I20,"") | B12: =If(Dashboard!N20=TODAY(),IF(Dashboard!L20<>"", Dashboard!L20*(-1), ""), "") | C12: =If(A12<>"",Dashboard!M20,"") | D12: =If(A12<>"","Internal Product Testing Samples","") | E12: =If(A12<>"","Sample provided to Jordan Patel (Metrc #1108885639)","") | F12: =If(A12<>"",Dashboard!N20,"") | G12: =If(A12<>"","0816943728","")
... A30: =If(Dashboard!N38=TODAY(),Dashboard!I38,"") | B30: =If(Dashboard!N38=TODAY(),IF(Dashboard!L38<>"", Dashboard!L38*(-1), ""), "") | C30: =If(A30<>"",Dashboard!M38,"") | D30: =If(A30<>"","Internal Product Testing Samples","") | E30: =If(A30<>"","Sample provided to Jordan Patel (Metrc #1108885639)","") | F30: =If(A30<>"",Dashboard!N38,"") | G30: =If(A30<>"","0816943728","")

Sheet Taylor Brooks
A1: =If(Dashboard!U9=TODAY(),Dashboard!P9,"") -> 1A4050300051E4D000002946 | B1: =If(Dashboard!U9=TODAY(),IF(Dashboard!S9<>"", Dashboard!S9*(-1), ""), "") -> -6 | C1: =If(A1<>"",Dashboard!T9,"") -> Each | D1: =If(A1<>"","Internal Product Testing Samples","") -> Internal Product Testing Samples | E1: =If(A1<>"","Sample provided to Taylor Brooks (Metrc #0621952741)","") -> Sample provided to Taylor Brooks (Metrc #0621952741) | F1: =If(A1<>"",Dashboard!U9,"") -> 46005 | G1: =If(A1<>"","0816943728","") -> 0816943728
A2: =If(Dashboard!U10=TODAY(),Dashboard!P10,"") -> 1A405030009D7A2000007314 | B2: =If(Dashboard!U10=TODAY(),IF(Dashboard!S10<>"", Dashboard!S10*(-1), ""), "") -> -1 | C2: =If(A2<>"",Dashboard!T10,"") -> Each | D2: =If(A2<>"","Internal Product Testing Samples","") -> Internal Product Testing Samples | E2: =If(A2<>"","Sample provided to Taylor Brooks (Metrc #0621952741)","") -> Sample provided to Taylor Brooks (Metrc #0621952741) | F2: =If(A2<>"",Dashboard!U10,"") -> 46005 | G2: =If(A2<>"","0816943728","") -> 0816943728
A3: =If(Dashboard!U11=TODAY(),Dashboard!P11,"") | B3: =If(Dashboard!U11=TODAY(),IF(Dashboard!S11<>"", Dashboard!S11*(-1), ""), "") | C3: =If(A3<>"",Dashboard!T11,"") | D3: =If(A3<>"","Internal Product Testing Samples","") | E3: =If(A3<>"","Sample provided to Taylor Brooks (Metrc #0621952741)","") | F3: =If(A3<>"",Dashboard!U11,"") | G3: =If(A3<>"","0816943728","")
A4: =If(Dashboard!U12=TODAY(),Dashboard!P12,"") | B4: =If(Dashboard!U12=TODAY(),IF(Dashboard!S12<>"", Dashboard!S12*(-1), ""), "") | C4: =If(A4<>"",Dashboard!T12,"") | D4: =If(A4<>"","Internal Product Testing Samples","") | E4: =If(A4<>"","Sample provided to Taylor Brooks (Metrc #0621952741)","") | F4: =If(A4<>"",Dashboard!U12,"") | G4: =If(A4<>"","0816943728","")
A5: =If(Dashboard!U13=TODAY(),Dashboard!P13,"") | B5: =If(Dashboard!U13=TODAY(),IF(Dashboard!S13<>"", Dashboard!S13*(-1), ""), "") | C5: =If(A5<>"",Dashboard!T13,"") | D5: =If(A5<>"","Internal Product Testing Samples","") | E5: =If(A5<>"","Sample provided to Taylor Brooks (Metrc #0621952741)","") | F5: =If(A5<>"",Dashboard!U13,"") | G5: =If(A5<>"","0816943728","")
A6: =If(Dashboard!U14=TODAY(),Dashboard!P14,"") | B6: =If(Dashboard!U14=TODAY(),IF(Dashboard!S14<>"", Dashboard!S14*(-1), ""), "") | C6: =If(A6<>"",Dashboard!T14,"") | D6: =If(A6<>"","Internal Product Testing Samples","") | E6: =If(A6<>"","Sample provided to Taylor Brooks (Metrc #0621952741)","") | F6: =If(A6<>"",Dashboard!U14,"") | G6: =If(A6<>"","0816943728","")
A7: =If(Dashboard!U15=TODAY(),Dashboard!P15,"") | B7: =If(Dashboard!U15=TODAY(),IF(Dashboard!S15<>"", Dashboard!S15*(-1), ""), "") | C7: =If(A7<>"",Dashboard!T15,"") | D7: =If(A7<>"","Internal Product Testing Samples","") | E7: =If(A7<>"","Sample provided to Taylor Brooks (Metrc #0621952741)","") | F7: =If(A7<>"",Dashboard!U15,"") | G7: =If(A7<>"","0816943728","")
A8: =If(Dashboard!U16=TODAY(),Dashboard!P16,"") | B8: =If(Dashboard!U16=TODAY(),IF(Dashboard!S16<>"", Dashboard!S16*(-1), ""), "") | C8: =If(A8<>"",Dashboard!T16,"") | D8: =If(A8<>"","Internal Product Testing Samples","") | E8: =If(A8<>"","Sample provided to Taylor Brooks (Metrc #0621952741)","") | F8: =If(A8<>"",Dashboard!U16,"") | G8: =If(A8<>"","0816943728","")
A9: =If(Dashboard!U17=TODAY(),Dashboard!P17,"") | B9: =If(Dashboard!U17=TODAY(),IF(Dashboard!S17<>"", Dashboard!S17*(-1), ""), "") | C9: =If(A9<>"",Dashboard!T17,"") | D9: =If(A9<>"","Internal Product Testing Samples","") | E9: =If(A9<>"","Sample provided to Taylor Brooks (Metrc #0621952741)","") | F9: =If(A9<>"",Dashboard!U17,"") | G9: =If(A9<>"","0816943728","")
A10: =If(Dashboard!U18=TODAY(),Dashboard!P18,"") | B10: =If(Dashboard!U18=TODAY(),IF(Dashboard!S18<>"", Dashboard!S18*(-1), ""), "") | C10: =If(A10<>"",Dashboard!T18,"") | D10: =If(A10<>"","Internal Product Testing Samples","") | E10: =If(A10<>"","Sample provided to Taylor Brooks (Metrc #0621952741)","") | F10: =If(A10<>"",Dashboard!U18,"") | G10: =If(A10<>"","0816943728","")
A11: =If(Dashboard!U19=TODAY(),Dashboard!P19,"") | B11: =If(Dashboard!U19=TODAY(),IF(Dashboard!S19<>"", Dashboard!S19*(-1), ""), "") | C11: =If(A11<>"",Dashboard!T19,"") | D11: =If(A11<>"","Internal Product Testing Samples","") | E11: =If(A11<>"","Sample provided to Taylor Brooks (Metrc #0621952741)","") | F11: =If(A11<>"",Dashboard!U19,"") | G11: =If(A11<>"","0816943728","")
A12: =If(Dashboard!U20=TODAY(),Dashboard!P20,"") | B12: =If(Dashboard!U20=TODAY(),IF(Dashboard!S20<>"", Dashboard!S20*(-1), ""), "") | C12: =If(A12<>"",Dashboard!T20,"") | D12: =If(A12<>"","Internal Product Testing Samples","") | E12: =If(A12<>"","Sample provided to Taylor Brooks (Metrc #0621952741)","") | F12: =If(A12<>"",Dashboard!U20,"") | G12: =If(A12<>"","0816943728","")
... A30: =If(Dashboard!U38=TODAY(),Dashboard!P38,"") | B30: =If(Dashboard!U38=TODAY(),IF(Dashboard!S38<>"", Dashboard!S38*(-1), ""), "") | C30: =If(A30<>"",Dashboard!T38,"") | D30: =If(A30<>"","Internal Product Testing Samples","") | E30: =If(A30<>"","Sample provided to Taylor Brooks (Metrc #0621952741)","") | F30: =If(A30<>"",Dashboard!U38,"") | G30: =If(A30<>"","0816943728","")

Sheet Morgan Reyes
A1: =If(Dashboard!AB9=TODAY(),Dashboard!W9,"") | B1: =If(Dashboard!AB9=TODAY(),IF(Dashboard!Z9<>"", Dashboard!Z9*(-1), ""), "") | C1: =If(A1<>"",Dashboard!AA9,"") | D1: =If(A1<>"","Internal Product Testing Samples","") | E1: =If(A1<>"","Sample provided to Morgan Reyes (Metrc #0903906814)","") | F1: =If(A1<>"",Dashboard!AB9,"") | G1: =If(A1<>"","0816943728","")
A2: =If(Dashboard!AB10=TODAY(),Dashboard!W10,"") | B2: =If(Dashboard!AB10=TODAY(),IF(Dashboard!Z10<>"", Dashboard!Z10*(-1), ""), "") | C2: =If(A2<>"",Dashboard!AA10,"") | D2: =If(A2<>"","Internal Product Testing Samples","") | E2: =If(A2<>"","Sample provided to Morgan Reyes (Metrc #0903906814)","") | F2: =If(A2<>"",Dashboard!AB10,"") | G2: =If(A2<>"","0816943728","")
A3: =If(Dashboard!AB11=TODAY(),Dashboard!W11,"") | B3: =If(Dashboard!AB11=TODAY(),IF(Dashboard!Z11<>"", Dashboard!Z11*(-1), ""), "") | C3: =If(A3<>"",Dashboard!AA11,"") | D3: =If(A3<>"","Internal Product Testing Samples","") | E3: =If(A3<>"","Sample provided to Morgan Reyes (Metrc #0903906814)","") | F3: =If(A3<>"",Dashboard!AB11,"") | G3: =If(A3<>"","0816943728","")
A4: =If(Dashboard!AB12=TODAY(),Dashboard!W12,"") | B4: =If(Dashboard!AB12=TODAY(),IF(Dashboard!Z12<>"", Dashboard!Z12*(-1), ""), "") | C4: =If(A4<>"",Dashboard!AA12,"") | D4: =If(A4<>"","Internal Product Testing Samples","") | E4: =If(A4<>"","Sample provided to Morgan Reyes (Metrc #0903906814)","") | F4: =If(A4<>"",Dashboard!AB12,"") | G4: =If(A4<>"","0816943728","")
A5: =If(Dashboard!AB13=TODAY(),Dashboard!W13,"") | B5: =If(Dashboard!AB13=TODAY(),IF(Dashboard!Z13<>"", Dashboard!Z13*(-1), ""), "") | C5: =If(A5<>"",Dashboard!AA13,"") | D5: =If(A5<>"","Internal Product Testing Samples","") | E5: =If(A5<>"","Sample provided to Morgan Reyes (Metrc #0903906814)","") | F5: =If(A5<>"",Dashboard!AB13,"") | G5: =If(A5<>"","0816943728","")
A6: =If(Dashboard!AB14=TODAY(),Dashboard!W14,"") | B6: =If(Dashboard!AB14=TODAY(),IF(Dashboard!Z14<>"", Dashboard!Z14*(-1), ""), "") | C6: =If(A6<>"",Dashboard!AA14,"") | D6: =If(A6<>"","Internal Product Testing Samples","") | E6: =If(A6<>"","Sample provided to Morgan Reyes (Metrc #0903906814)","") | F6: =If(A6<>"",Dashboard!AB14,"") | G6: =If(A6<>"","0816943728","")
A7: =If(Dashboard!AB15=TODAY(),Dashboard!W15,"") | B7: =If(Dashboard!AB15=TODAY(),IF(Dashboard!Z15<>"", Dashboard!Z15*(-1), ""), "") | C7: =If(A7<>"",Dashboard!AA15,"") | D7: =If(A7<>"","Internal Product Testing Samples","") | E7: =If(A7<>"","Sample provided to Morgan Reyes (Metrc #0903906814)","") | F7: =If(A7<>"",Dashboard!AB15,"") | G7: =If(A7<>"","0816943728","")
A8: =If(Dashboard!AB16=TODAY(),Dashboard!W16,"") | B8: =If(Dashboard!AB16=TODAY(),IF(Dashboard!Z16<>"", Dashboard!Z16*(-1), ""), "") | C8: =If(A8<>"",Dashboard!AA16,"") | D8: =If(A8<>"","Internal Product Testing Samples","") | E8: =If(A8<>"","Sample provided to Morgan Reyes (Metrc #0903906814)","") | F8: =If(A8<>"",Dashboard!AB16,"") | G8: =If(A8<>"","0816943728","")
A9: =If(Dashboard!AB17=TODAY(),Dashboard!W17,"") | B9: =If(Dashboard!AB17=TODAY(),IF(Dashboard!Z17<>"", Dashboard!Z17*(-1), ""), "") | C9: =If(A9<>"",Dashboard!AA17,"") | D9: =If(A9<>"","Internal Product Testing Samples","") | E9: =If(A9<>"","Sample provided to Morgan Reyes (Metrc #0903906814)","") | F9: =If(A9<>"",Dashboard!AB17,"") | G9: =If(A9<>"","0816943728","")
A10: =If(Dashboard!AB18=TODAY(),Dashboard!W18,"") | B10: =If(Dashboard!AB18=TODAY(),IF(Dashboard!Z18<>"", Dashboard!Z18*(-1), ""), "") | C10: =If(A10<>"",Dashboard!AA18,"") | D10: =If(A10<>"","Internal Product Testing Samples","") | E10: =If(A10<>"","Sample provided to Morgan Reyes (Metrc #0903906814)","") | F10: =If(A10<>"",Dashboard!AB18,"") | G10: =If(A10<>"","0816943728","")
A11: =If(Dashboard!AB19=TODAY(),Dashboard!W19,"") | B11: =If(Dashboard!AB19=TODAY(),IF(Dashboard!Z19<>"", Dashboard!Z19*(-1), ""), "") | C11: =If(A11<>"",Dashboard!AA19,"") | D11: =If(A11<>"","Internal Product Testing Samples","") | E11: =If(A11<>"","Sample provided to Morgan Reyes (Metrc #0903906814)","") | F11: =If(A11<>"",Dashboard!AB19,"") | G11: =If(A11<>"","0816943728","")
A12: =If(Dashboard!AB20=TODAY(),Dashboard!W20,"") | B12: =If(Dashboard!AB20=TODAY(),IF(Dashboard!Z20<>"", Dashboard!Z20*(-1), ""), "") | C12: =If(A12<>"",Dashboard!AA20,"") | D12: =If(A12<>"","Internal Product Testing Samples","") | E12: =If(A12<>"","Sample provided to Morgan Reyes (Metrc #0903906814)","") | F12: =If(A12<>"",Dashboard!AB20,"") | G12: =If(A12<>"","0816943728","")
... A30: =If(Dashboard!AB38=TODAY(),Dashboard!W38,"") | B30: =If(Dashboard!AB38=TODAY(),IF(Dashboard!Z38<>"", Dashboard!Z38*(-1), ""), "") | C30: =If(A30<>"",Dashboard!AA38,"") | D30: =If(A30<>"","Internal Product Testing Samples","") | E30: =If(A30<>"","Sample provided to Morgan Reyes (Metrc #0903906814)","") | F30: =If(A30<>"",Dashboard!AB38,"") | G30: =If(A30<>"","0816943728","")

Sheet Casey Nguyen
A1: =If(Dashboard!AI9=TODAY(),Dashboard!AD9,"") | B1: =If(Dashboard!AI9=TODAY(),IF(Dashboard!AG9<>"", Dashboard!AG9*(-1), ""), "") | C1: =If(A1<>"",Dashboard!AH9,"") | D1: =If(A1<>"","Internal Product Testing Samples","") | E1: =If(A1<>"","Sample provided to Casey Nguyen (Metrc #0127974596)","") | F1: =If(A1<>"",Dashboard!AI9,"") | G1: =If(A1<>"","0816943728","")
A2: =If(Dashboard!AI10=TODAY(),Dashboard!AD10,"") | B2: =If(Dashboard!AI10=TODAY(),IF(Dashboard!AG10<>"", Dashboard!AG10*(-1), ""), "") | C2: =If(A2<>"",Dashboard!AH10,"") | D2: =If(A2<>"","Internal Product Testing Samples","") | E2: =If(A2<>"","Sample provided to Casey Nguyen (Metrc #0127974596)","") | F2: =If(A2<>"",Dashboard!AI10,"") | G2: =If(A2<>"","0816943728","")
A3: =If(Dashboard!AI11=TODAY(),Dashboard!AD11,"") | B3: =If(Dashboard!AI11=TODAY(),IF(Dashboard!AG11<>"", Dashboard!AG11*(-1), ""), "") | C3: =If(A3<>"",Dashboard!AH11,"") | D3: =If(A3<>"","Internal Product Testing Samples","") | E3: =If(A3<>"","Sample provided to Casey Nguyen (Metrc #0127974596)","") | F3: =If(A3<>"",Dashboard!AI11,"") | G3: =If(A3<>"","0816943728","")
A4: =If(Dashboard!AI12=TODAY(),Dashboard!AD12,"") | B4: =If(Dashboard!AI12=TODAY(),IF(Dashboard!AG12<>"", Dashboard!AG12*(-1), ""), "") | C4: =If(A4<>"",Dashboard!AH12,"") | D4: =If(A4<>"","Internal Product Testing Samples","") | E4: =If(A4<>"","Sample provided to Casey Nguyen (Metrc #0127974596)","") | F4: =If(A4<>"",Dashboard!AI12,"") | G4: =If(A4<>"","0816943728","")
A5: =If(Dashboard!AI13=TODAY(),Dashboard!AD13,"") | B5: =If(Dashboard!AI13=TODAY(),IF(Dashboard!AG13<>"", Dashboard!AG13*(-1), ""), "") | C5: =If(A5<>"",Dashboard!AH13,"") | D5: =If(A5<>"","Internal Product Testing Samples","") | E5: =If(A5<>"","Sample provided to Casey Nguyen (Metrc #0127974596)","") | F5: =If(A5<>"",Dashboard!AI13,"") | G5: =If(A5<>"","0816943728","")
A6: =If(Dashboard!AI14=TODAY(),Dashboard!AD14,"") | B6: =If(Dashboard!AI14=TODAY(),IF(Dashboard!AG14<>"", Dashboard!AG14*(-1), ""), "") | C6: =If(A6<>"",Dashboard!AH14,"") | D6: =If(A6<>"","Internal Product Testing Samples","") | E6: =If(A6<>"","Sample provided to Casey Nguyen (Metrc #0127974596)","") | F6: =If(A6<>"",Dashboard!AI14,"") | G6: =If(A6<>"","0816943728","")
A7: =If(Dashboard!AI15=TODAY(),Dashboard!AD15,"") | B7: =If(Dashboard!AI15=TODAY(),IF(Dashboard!AG15<>"", Dashboard!AG15*(-1), ""), "") | C7: =If(A7<>"",Dashboard!AH15,"") | D7: =If(A7<>"","Internal Product Testing Samples","") | E7: =If(A7<>"","Sample provided to Casey Nguyen (Metrc #0127974596)","") | F7: =If(A7<>"",Dashboard!AI15,"") | G7: =If(A7<>"","0816943728","")
A8: =If(Dashboard!AI16=TODAY(),Dashboard!AD16,"") | B8: =If(Dashboard!AI16=TODAY(),IF(Dashboard!AG16<>"", Dashboard!AG16*(-1), ""), "") | C8: =If(A8<>"",Dashboard!AH16,"") | D8: =If(A8<>"","Internal Product Testing Samples","") | E8: =If(A8<>"","Sample provided to Casey Nguyen (Metrc #0127974596)","") | F8: =If(A8<>"",Dashboard!AI16,"") | G8: =If(A8<>"","0816943728","")
A9: =If(Dashboard!AI17=TODAY(),Dashboard!AD17,"") | B9: =If(Dashboard!AI17=TODAY(),IF(Dashboard!AG17<>"", Dashboard!AG17*(-1), ""), "") | C9: =If(A9<>"",Dashboard!AH17,"") | D9: =If(A9<>"","Internal Product Testing Samples","") | E9: =If(A9<>"","Sample provided to Casey Nguyen (Metrc #0127974596)","") | F9: =If(A9<>"",Dashboard!AI17,"") | G9: =If(A9<>"","0816943728","")
A10: =If(Dashboard!AI18=TODAY(),Dashboard!AD18,"") | B10: =If(Dashboard!AI18=TODAY(),IF(Dashboard!AG18<>"", Dashboard!AG18*(-1), ""), "") | C10: =If(A10<>"",Dashboard!AH18,"") | D10: =If(A10<>"","Internal Product Testing Samples","") | E10: =If(A10<>"","Sample provided to Casey Nguyen (Metrc #0127974596)","") | F10: =If(A10<>"",Dashboard!AI18,"") | G10: =If(A10<>"","0816943728","")
A11: =If(Dashboard!AI19=TODAY(),Dashboard!AD19,"") | B11: =If(Dashboard!AI19=TODAY(),IF(Dashboard!AG19<>"", Dashboard!AG19*(-1), ""), "") | C11: =If(A11<>"",Dashboard!AH19,"") | D11: =If(A11<>"","Internal Product Testing Samples","") | E11: =If(A11<>"","Sample provided to Casey Nguyen (Metrc #0127974596)","") | F11: =If(A11<>"",Dashboard!AI19,"") | G11: =If(A11<>"","0816943728","")
A12: =If(Dashboard!AI20=TODAY(),Dashboard!AD20,"") | B12: =If(Dashboard!AI20=TODAY(),IF(Dashboard!AG20<>"", Dashboard!AG20*(-1), ""), "") | C12: =If(A12<>"",Dashboard!AH20,"") | D12: =If(A12<>"","Internal Product Testing Samples","") | E12: =If(A12<>"","Sample provided to Casey Nguyen (Metrc #0127974596)","") | F12: =If(A12<>"",Dashboard!AI20,"") | G12: =If(A12<>"","0816943728","")
... A30: =If(Dashboard!AI38=TODAY(),Dashboard!AD38,"") | B30: =If(Dashboard!AI38=TODAY(),IF(Dashboard!AG38<>"", Dashboard!AG38*(-1), ""), "") | C30: =If(A30<>"",Dashboard!AH38,"") | D30: =If(A30<>"","Internal Product Testing Samples","") | E30: =If(A30<>"","Sample provided to Casey Nguyen (Metrc #0127974596)","") | F30: =If(A30<>"",Dashboard!AI38,"") | G30: =If(A30<>"","0816943728","")
